"Carbon dioxide (CO2) emissions by industry section and group, 1990 to 2020",,,,,,,,,,,,,,,,,,,,,,,,,,,,,,,,,Back to contents
UK resident basis,,,,,,,,,,,,,,,,,,,,,,,,,,,,,,,,,
,,,,,,,,,,,,,,,,,,,,,,,,,,,,,,,,,Mass of air emissions per annum in thousand tonnes
,,,1990,1991,1992,1993,1994,1995,1996,1997,1998,1999,2000,2001,2002,2003,2004,2005,2006,2007,2008,2009,2010,2011,2012,2013,2014,2015,2016,2017,2018,2019,2020
A,,"Agriculture, forestry and fishing","8,373.2","8,434.4","8,410.8","8,076.8","8,581.2","8,588.9","8,740.8","7,886.2","8,166.6","8,184.1","7,371.3","7,240.4","7,291.3","7,989.0","8,004.3","7,888.4","7,596.4","7,368.1","7,265.3","7,088.5","7,180.5","7,289.0","7,269.4","7,050.6","7,733.7","7,891.2","8,337.8","8,458.6","8,547.9","8,692.4","8,067.2"
B,,Mining and quarrying,"24,153.8","23,661.6","24,435.9","25,889.9","27,453.3","27,747.0","29,087.1","29,094.4","29,859.9","28,394.5","27,821.5","28,715.7","27,481.4","26,171.0","25,515.0","25,200.0","23,222.2","23,131.6","22,559.9","22,405.9","21,988.4","19,459.4","17,622.1","17,333.1","17,392.7","19,073.3","18,899.4","18,920.9","18,665.0","18,502.2","16,950.9"
C,,Manufacturing,"139,185.5","139,758.4","136,944.1","134,623.4","136,703.8","135,329.4","136,383.7","133,461.1","128,525.0","130,697.0","127,334.9","122,060.9","115,692.9","118,804.7","118,561.2","118,686.3","114,858.9","114,284.5","106,746.6","90,909.4","93,767.0","90,423.0","87,267.8","89,826.9","89,371.1","86,669.5","81,933.6","82,935.6","82,276.2","80,658.2","78,415.3"
D,,"Electricity, gas, steam and air conditioning supply","205,315.3","202,122.1","190,392.3","173,355.0","169,365.3","166,962.1","167,322.8","155,169.1","161,644.0","154,620.3","167,604.4","178,824.3","174,435.7","183,768.0","183,532.9","185,034.5","193,226.8","188,554.7","184,340.4","162,736.2","170,117.3","157,544.3","171,964.8","163,255.8","142,453.5","126,418.4","105,008.1","94,876.6","90,679.3","85,036.6","76,590.9"
E,,"Water supply; sewerage, waste management and remediation activities","4,323.9","5,186.5","5,161.0","4,799.6","4,494.6","4,341.8","4,570.0","3,450.5","5,510.8","3,836.8","4,122.4","4,121.0","3,725.8","3,506.9","3,721.0","4,211.6","3,929.7","3,888.5","3,317.3","3,171.9","3,340.9","3,285.2","3,314.3","3,410.3","3,568.5","3,776.6","4,257.2","4,577.3","4,621.7","4,528.7","4,599.9"
F,,Construction,"9,294.9","9,266.8","9,363.3","9,480.7","9,899.8","10,005.4","10,280.0","10,528.8","10,781.6","11,036.8","11,231.3","11,543.8","11,612.1","11,848.7","12,396.9","12,437.4","12,668.1","13,026.9","13,223.1","11,647.7","11,719.4","11,082.3","11,683.9","10,876.2","11,302.2","12,286.9","12,717.1","13,186.3","13,387.4","12,766.6","11,373.1"
G,,Wholesale and retail trade; repair of motor vehicles and motorcycles,"11,542.7","11,930.4","11,746.5","11,988.0","12,352.5","12,481.9","12,712.5","12,442.1","12,617.2","12,879.0","12,870.4","12,462.8","11,870.6","12,087.9","11,962.6","11,908.5","11,795.9","12,081.7","12,455.0","12,422.8","12,684.7","12,207.9","12,368.0","12,018.3","11,958.7","12,303.1","12,741.4","12,501.9","12,216.5","12,064.0","10,574.4"
H,,Transport and storage,"64,932.2","65,455.2","66,519.0","67,872.2","68,860.9","71,673.5","77,299.2","86,262.1","91,676.2","89,751.5","92,369.0","96,123.7","92,665.2","92,645.9","94,725.0","96,659.1","87,874.2","91,932.5","87,916.7","81,043.1","81,297.4","84,749.6","80,836.6","77,880.2","82,677.9","84,512.8","86,998.0","80,734.9","85,388.2","83,939.5","52,790.2"
I,,Accommodation and food services,"2,947.2","3,379.4","3,103.0","3,307.1","3,293.3","3,392.2","3,574.1","3,183.8","3,415.9","3,587.1","3,653.8","3,675.3","3,145.8","3,361.1","3,287.8","3,286.9","3,058.7","2,992.0","3,701.3","3,036.8","3,271.4","2,911.2","3,304.7","3,383.4","2,974.5","3,322.9","3,412.9","3,381.9","3,351.5","3,411.2","2,944.6"
J,,Information and communication,"1,085.7","1,162.9","1,130.5","1,179.5","1,217.9","1,253.2","1,262.9","1,199.0","1,225.4","1,277.0","1,278.8","1,217.5","1,093.8","1,101.6","1,058.1","1,049.4",985.2,973.0,"1,053.4",887.3,907.8,850.8,866.5,816.5,768.7,778.8,799.4,756.6,715.3,716.9,605.7
K,,Financial and insurance activities,329.3,361.1,336.5,352.9,349.3,354.8,358.9,319.1,326.8,339.6,336.7,328.8,278.9,285.5,271.9,263.9,242.8,237.4,271.4,219.4,228.3,207.0,222.3,217.0,194.2,201.3,206.1,196.9,188.3,191.3,167.7
L,,Real estate activities,631.9,708.6,679.5,718.1,736.1,765.8,798.3,746.8,794.6,849.7,871.7,866.9,779.7,836.0,832.5,849.3,822.1,820.3,993.8,838.6,905.6,831.3,928.0,939.4,845.1,900.7,933.4,914.1,895.0,912.3,844.0
M,,"Professional, scientific and technical activities","2,245.9","2,452.5","2,357.1","2,468.1","2,518.9","2,592.8","2,618.1","2,434.7","2,502.9","2,621.5","2,629.0","2,505.3","2,203.5","2,239.4","2,148.3","2,114.1","1,988.4","1,958.7","2,217.6","1,810.1","1,886.0","1,739.0","1,853.9","1,786.1","1,636.7","1,698.9","1,747.4","1,674.2","1,599.7","1,615.2","1,351.7"
N,,Administrative and support service activities,"2,640.5","2,782.7","2,739.4","2,830.0","2,919.7","2,973.1","3,041.3","2,965.8","3,030.1","3,111.6","3,129.2","3,066.6","2,890.1","2,968.4","2,946.6","3,049.7","3,041.2","3,075.5","3,215.6","2,842.1","2,919.2","2,809.3","2,904.6","2,866.2","2,816.6","2,920.8","3,052.2","3,014.5","2,972.2","2,971.8","2,622.8"
O,,Public administration and defence; compulsory social security,"10,728.0","10,040.2","10,145.5","10,344.1","9,726.6","9,847.2","9,718.1","9,325.8","8,955.5","9,120.7","8,981.8","8,939.4","8,586.2","8,917.5","9,060.8","7,754.2","7,916.1","7,899.7","7,363.4","6,633.4","6,596.1","6,023.2","5,954.7","5,411.4","4,817.7","4,481.2","4,372.8","4,349.3","4,400.6","4,431.7","3,822.1"
P,,Education,"5,445.8","5,774.0","5,887.0","5,000.6","4,477.3","4,181.8","5,325.0","5,945.4","5,207.0","4,900.0","4,562.4","4,217.8","3,605.9","3,624.4","3,603.7","3,552.2","3,772.1","3,427.7","3,233.9","3,019.8","3,228.6","2,624.2","2,917.9","2,841.9","2,442.2","2,666.8","2,618.8","2,674.6","2,522.8","2,415.7","2,214.6"
Q,,Human health and social work activities,"5,189.9","5,512.1","5,857.1","5,541.1","5,614.5","5,529.8","6,055.8","5,241.3","5,342.6","4,894.6","4,293.5","4,611.0","3,601.0","3,202.7","3,804.0","4,803.1","3,925.1","3,910.8","4,399.2","4,317.0","4,633.3","4,096.9","4,643.9","5,114.7","4,496.1","4,449.9","4,656.2","4,439.5","4,623.7","4,343.8","4,025.7"
R,,"Arts, entertainment and recreation","1,538.8","1,657.7","1,497.4","1,579.8","1,543.4","1,529.9","1,588.1","1,426.4","1,470.1","1,436.8","1,439.6","1,468.0","1,223.9","1,237.6","1,191.0","1,254.2","1,007.3",944.3,"1,066.7",893.1,889.8,795.3,853.3,848.3,770.4,806.1,828.6,817.6,805.0,812.8,704.9
S,,Other service activities,"1,107.7","1,206.7","1,147.4","1,203.6","1,203.6","1,228.2","1,280.5","1,176.1","1,224.1","1,246.4","1,266.6","1,229.7","1,078.5","1,110.0","1,069.7","1,097.8","1,037.2",951.4,"1,115.7",940.2,942.4,855.8,920.2,925.4,845.3,907.8,932.5,919.1,909.3,914.3,808.6
T,,Activities of households as employers; undifferentiated goods and services-producing activities of households for own use,44.1,44.3,45.3,46.3,48.7,50.2,48.9,49.4,47.4,48.8,58.5,52.2,41.8,34.6,36.0,41.4,36.8,31.3,30.5,24.0,31.5,31.3,30.3,27.1,30.0,27.0,33.1,28.9,28.9,31.7,21.3
-,,Consumer expenditure,"138,222.8","146,570.6","145,091.5","149,530.1","144,480.7","139,196.0","154,027.0","147,888.5","149,704.9","150,528.2","150,682.3","154,103.4","153,343.0","153,517.5","156,258.0","152,597.1","150,164.3","146,771.1","146,834.0","142,926.4","151,310.8","133,092.4","140,310.0","142,147.7","130,013.9","133,875.7","136,340.4","135,192.7","138,099.8","135,359.6","120,702.2"
,,,,,,,,,,,,,,,,,,,,,,,,,,,,,,,,,
,,Total CO2 emissions,"639,279.0","647,468.3","632,990.2","620,187.0","615,841.5","610,025.0","636,093.1","620,196.4","632,028.5","623,362.1","633,908.9","647,374.5","626,646.9","639,258.4","643,987.4","643,739.2","633,169.5","628,261.9","613,320.9","559,813.7","579,846.5","542,908.4","558,037.2","548,976.5","519,109.9","509,969.7","490,826.6","474,551.9","476,894.3","464,316.5","400,197.9"
,,,,,,,,,,,,,,,,,,,,,,,,,,,,,,,,,
,,,,,,,,,,,,,,,,,,,,,,,,,,,,,,,,,
SIC(07) group,Section,,,,,,,,,,,,,,,,,,,,,,,,,,,,,,,,
1,A,"Products of agriculture, hunting and related services","7,390.9","7,429.2","7,375.7","6,986.3","7,469.7","7,432.1","7,617.5","6,783.5","7,024.5","7,142.0","6,429.1","6,312.9","6,420.4","7,165.8","7,166.5","7,047.5","6,812.9","6,564.3","6,503.7","6,352.3","6,408.1","6,532.1","6,469.8","6,255.1","6,779.3","6,977.4","7,424.3","7,526.8","7,658.4","7,892.2","7,321.8"
2,A,"Products of forestry, logging and related services",46.0,46.2,46.7,47.0,48.4,48.7,48.6,49.1,49.0,49.5,48.6,46.4,45.0,44.1,40.7,50.6,47.0,58.4,41.5,40.0,38.5,39.7,45.6,47.9,58.4,67.0,81.7,82.0,82.1,86.9,83.7
3,A,Fish and other fishing products; aquaculture products; support services to fishing,936.3,959.0,988.4,"1,043.6","1,063.0","1,108.0","1,074.7","1,053.6","1,093.1",992.6,893.6,881.1,825.8,779.2,797.2,790.3,736.5,745.4,720.1,696.2,734.0,717.2,754.0,747.7,896.0,846.8,831.9,849.9,807.4,713.3,661.8
5,B,Mining of coal and lignite,"1,319.1","1,234.1","1,196.8",998.6,914.2,836.7,783.1,772.5,661.1,648.9,652.0,683.7,635.0,646.0,634.1,566.6,550.8,561.6,558.9,458.2,453.5,387.1,350.2,290.4,302.8,295.5,298.4,301.2,284.8,204.4,173.7
6,B,Crude petroleum and natural gas,"20,238.6","19,904.2","20,794.7","22,638.7","24,285.2","24,658.1","26,030.3","26,132.9","27,055.3","26,118.7","25,190.7","26,165.7","25,353.8","24,086.6","23,541.4","23,209.1","21,488.0","21,273.4","20,304.9","20,229.5","19,865.1","17,992.3","16,358.5","16,247.9","16,000.1","17,734.8","17,339.0","17,292.0","17,197.8","17,388.2","15,970.7"
7,B,Mining of metal ores,24.6,23.3,23.4,23.7,24.7,25.3,16.7,15.3,14.6,14.2,14.0,13.4,12.7,12.2,12.3,11.1,10.6,10.6,9.3,6.8,6.0,4.8,5.3,4.0,3.9,4.1,3.8,4.0,3.8,3.1,2.6
8,B,Other mining and quarrying products,"1,971.0","1,928.6","1,898.5","1,743.4","1,695.6","1,621.6","1,624.8","1,539.8","1,471.7","1,386.8","1,812.8","1,730.8","1,319.4","1,279.7","1,187.0","1,281.6","1,078.1","1,200.4","1,609.8","1,527.7","1,569.3",987.7,759.2,637.5,837.3,907.5,"1,023.7","1,241.0","1,092.9",807.6,780.1
9,B,Mining support services,600.5,571.3,522.6,485.5,533.5,605.3,632.3,633.9,657.1,225.9,152.1,122.0,160.5,146.5,140.2,131.5,94.6,85.7,77.0,183.8,94.5,87.5,148.9,153.4,248.6,131.3,234.6,82.7,85.6,99.0,23.9
10.1,C,Processing and preserving of meat and production of meat products,972.3,"1,079.4","1,117.6","1,134.6","1,216.8","1,349.3","1,326.6","1,303.3","1,299.9","1,014.7","1,256.1","1,130.4","1,027.6","1,307.5","1,106.9","1,084.0","1,034.2","1,026.1",925.7,878.1,921.6,914.7,860.5,847.9,908.5,892.2,865.1,899.0,931.4,939.0,984.8
10.2-3,C,"Processing and preserving of fish, crustaceans, molluscs, fruit and vegetables",746.0,714.4,721.5,657.8,629.5,670.9,680.5,670.2,683.7,553.5,612.1,674.3,766.3,882.2,727.2,914.6,902.3,899.7,846.3,811.1,862.1,874.3,852.2,851.6,898.4,881.0,895.4,940.3,977.8,987.4,"1,017.7"
10.4,C,Manufacture of vegetable and animal oils and fats,626.6,716.3,811.1,842.5,825.7,673.0,479.4,424.1,347.4,616.4,248.4,372.5,485.9,151.7,138.3,106.9,88.4,85.2,74.6,70.9,75.2,74.9,73.1,75.0,78.2,76.1,79.3,85.3,90.6,92.8,97.3
10.5,C,Manufacture of dairy products,"1,179.5","1,101.8","1,069.5","1,010.5",878.7,902.5,925.7,850.8,791.6,762.3,721.1,703.8,807.4,792.6,686.8,708.4,828.0,833.6,773.2,721.2,763.8,758.3,746.0,763.9,782.4,744.2,747.8,784.1,825.4,828.4,814.7
10.6,C,"Manufacture of grain mill products, starches and starch products",562.4,527.2,494.4,501.9,546.6,622.0,672.8,632.5,643.6,656.9,685.3,969.1,783.0,462.5,781.6,350.5,641.8,631.3,595.0,562.5,600.7,599.0,589.4,594.1,603.0,573.1,594.8,626.0,649.4,668.2,680.2
10.7,C,Manufacture of bakery and farinaceous products,"1,140.6","1,102.6","1,114.8","1,008.5","1,028.8","1,107.0","1,180.4","1,129.1","1,179.2","1,454.5","1,071.4","1,377.0","1,377.9","1,401.3","1,275.6","1,160.4","1,370.7","1,354.0","1,231.0","1,144.1","1,206.2","1,197.1","1,158.5","1,153.7","1,201.3","1,180.3","1,227.7","1,277.0","1,323.5","1,340.1","1,372.4"
10.8,C,Manufacture of other food products,"1,869.0","1,929.5","2,041.9","1,851.2","1,772.8","1,756.4","1,818.7","1,992.0","2,029.0","2,645.3","3,085.4","2,316.4","1,307.1","1,616.7","2,135.2","2,306.5","1,313.5","1,316.0","1,249.2","1,193.0","1,265.8","1,264.7","1,240.8","1,269.7","1,306.4","1,225.0","1,235.2","1,312.1","1,372.9","1,376.3","1,390.0"
10.9,C,Manufacture of prepared animal feeds,549.4,643.1,697.2,713.2,746.4,667.1,807.2,696.5,634.7,611.2,563.6,585.5,736.1,512.1,542.7,376.9,421.1,434.2,391.1,357.4,380.6,378.0,368.9,375.0,390.2,376.9,360.8,370.3,377.1,376.7,388.6
11.01-06,C,"Manufacture of alcoholic beverages, including spirits, wine, cider, beer and malt","1,920.3","1,939.2","1,884.4","1,816.7","1,854.2","1,800.9","1,692.1","1,507.7","1,262.6","1,201.7","1,160.6","1,288.4","1,591.2","1,798.3","1,425.4","1,387.5","1,447.1","1,442.3","1,387.2","1,117.0","1,202.4","1,207.7","1,205.7","1,227.1","1,259.4","1,223.0","1,243.1","1,332.5","1,386.4","1,408.1","1,433.8"
11.07,C,Manufacture of soft drinks: production of mineral waters and other bottled waters,243.0,225.6,221.3,206.7,204.4,206.5,186.9,167.7,164.2,161.4,183.1,193.1,174.6,154.4,157.7,169.4,178.8,174.4,155.6,121.1,122.4,119.1,112.3,109.5,112.5,107.1,109.1,110.6,111.0,112.4,112.3
12,C,Tobacco products,71.2,83.3,88.3,82.2,94.5,88.3,103.1,90.5,73.3,73.7,122.0,38.0,66.4,26.9,40.2,30.4,29.8,29.3,26.9,25.7,25.4,25.8,24.0,23.1,24.8,24.4,24.2,25.4,26.3,27.0,28.0
13,C,Textiles,"2,253.7","2,620.6","2,558.8","2,224.2","1,774.6","1,731.5","1,555.8","1,571.3","1,745.0","1,844.6","1,990.8","2,022.5","1,928.0","1,966.2","1,920.0","1,993.5","1,853.5","1,641.3","1,680.4","1,304.8","1,228.2","1,270.6","1,170.3","1,160.4","1,199.1","1,013.7","1,015.1","1,012.0","1,019.3",993.8,986.7
14,C,Wearing apparel,724.7,913.7,860.7,721.3,616.4,482.9,478.0,360.7,356.1,258.7,346.3,334.2,264.7,273.9,203.5,228.4,299.1,278.2,261.6,455.8,424.9,440.1,396.5,398.3,403.9,307.9,308.1,310.7,315.3,308.1,305.1
15,C,Leather and related products,174.9,177.5,163.8,136.9,103.3,113.8,102.4,84.1,70.4,77.4,114.2,92.0,97.5,86.3,58.4,48.9,68.1,60.1,58.2,53.8,49.5,51.5,44.1,43.5,46.1,35.9,35.1,35.8,37.1,36.4,38.5
16,C,"Wood and of products of wood and cork, except furniture; articles of straw and plaiting materials","2,482.2","2,571.8","2,390.7","2,394.3","3,981.5","4,272.8","4,338.0","3,676.6","3,908.3","4,220.4","4,395.2","3,150.8","2,701.6","2,798.0","2,859.7","2,222.3","2,279.3","1,974.8","2,060.3","1,995.1","1,967.0","1,991.0","1,936.1","1,927.4","1,978.2","2,006.3","2,048.2","2,082.0","2,097.1","2,062.7","2,039.6"
17,C,Paper and paper products,"4,574.6","5,142.0","5,484.5","5,331.9","5,300.4","4,846.8","4,413.9","4,156.1","4,094.8","4,131.3","5,241.5","3,852.4","3,619.2","3,464.0","4,798.8","5,030.6","5,336.0","5,210.0","4,417.4","3,797.2","3,442.9","3,355.2","3,343.0","3,322.7","3,296.4","2,233.4","2,270.8","2,249.0","2,158.6","2,230.8","2,264.1"
18,C,Printing and recording services,749.9,751.5,720.4,734.3,854.6,"1,014.5",978.3,886.6,655.5,"1,131.0","1,064.0","2,214.2","2,209.5","2,798.1","1,196.8","1,602.6",932.1,925.1,749.6,646.3,615.8,598.2,587.6,569.7,566.2,393.5,399.0,405.9,391.8,407.1,406.8
19.1,C,Manufacture of coke oven products,"3,332.6","2,864.3","2,555.8","2,363.7","2,278.4","2,191.2","2,260.1","2,371.7","2,094.9","2,096.8","2,098.2","1,604.4","1,349.4","1,298.2","1,217.6","1,166.2","1,515.8","1,715.1","1,695.3","1,594.4","1,740.3","1,695.7","1,546.5","1,741.5","1,992.0","1,960.4","1,739.6","1,843.3","2,002.4","1,871.5","1,973.3"
19.2,C,Manufacture of refined petroleum products,"18,085.5","18,856.0","19,269.5","20,191.9","19,720.3","20,464.6","20,904.7","20,753.4","20,258.1","18,380.5","17,601.9","17,387.7","19,586.1","19,068.9","18,859.2","20,372.7","18,487.0","18,261.5","17,651.3","16,670.3","17,420.9","17,839.0","16,201.2","15,149.3","14,143.5","14,274.0","14,403.2","14,539.9","14,178.4","13,773.2","12,376.5"
20.11 + 20.13,C,Manufacture of industrial gases and non-nitrogen-based inorganic chemicals,"2,127.5","2,034.7","2,358.2","2,850.6","3,352.3","3,484.7","2,932.4","2,878.0","2,431.2","1,811.2","3,506.6","2,777.6","2,219.7","2,569.0","2,203.4","2,813.7","2,789.6","2,762.5","2,784.1","2,365.0","2,491.2","2,176.2","2,060.0","2,114.2","1,820.3","1,765.4","1,854.2","1,990.8","1,988.6","1,978.4","2,040.0"
20.15 /1,C,Fertilisers,595.2,601.1,614.6,619.8,617.2,692.4,695.3,525.2,614.2,692.2,747.3,778.2,814.8,777.4,659.8,728.7,559.8,747.8,756.9,570.1,652.9,549.5,749.8,648.3,653.3,691.0,638.9,775.8,620.9,694.2,759.5
20.15 /2,C,Other nitrogen compounds,"1,392.1","1,377.5","1,346.7","1,334.9","1,404.8","1,634.8","1,627.0","1,210.2","1,650.3","1,789.7","1,323.0","2,029.3","1,950.7","2,032.0","1,890.2","1,882.9","1,209.6","1,432.5","1,227.4","1,040.7","1,198.0",918.2,"1,133.9",987.4,985.8,"1,022.6",995.1,"1,188.5",930.5,"1,010.4","1,174.5"
20.14+20.16+20.17+20.6,C,Manufacture of petrochemicals,"12,144.8","12,619.1","12,647.5","13,353.0","13,480.7","12,838.2","13,413.3","13,013.1","12,162.5","13,297.7","12,338.6","9,596.4","10,161.6","9,780.9","10,567.0","8,470.4","8,775.1","8,873.8","8,328.8","7,773.1","7,865.4","7,626.1","7,136.3","6,698.2","5,873.9","5,987.0","6,145.0","6,401.1","6,373.4","5,875.3","6,180.8"
20.12+20.2,C,"Manufacture of dyestuffs, agro-chemicals","1,640.4","1,486.1","1,688.9","1,940.4","1,928.1","1,818.1","1,567.9","1,735.1","2,040.5","1,267.6","1,816.5","2,439.5","2,035.9","1,739.8","1,699.9","1,844.3","1,600.9","1,574.8","1,438.7","1,095.0","1,093.7",983.5,966.1,"1,009.4",966.4,983.5,"1,004.7","1,077.8","1,083.2","1,045.7","1,081.2"
20.3,C,"Manufacture of paints, varnishes & ink",366.5,337.8,373.9,467.7,494.4,405.8,302.8,221.5,217.0,211.6,140.8,385.4,255.8,239.0,254.0,205.3,229.0,223.3,218.5,186.0,202.5,174.1,156.9,160.3,148.6,146.9,161.6,167.1,168.2,161.9,168.5
20.4,C,Manufacture of cleaning & toilet preparations,589.5,417.9,381.9,457.0,446.7,392.4,349.6,336.3,329.6,317.9,440.0,323.6,318.8,949.6,774.9,"1,016.6","1,013.3",867.9,653.6,331.7,340.5,306.0,292.4,297.2,281.2,281.2,291.7,309.6,311.1,305.6,326.4
20.5,C,Manufacture of other chemical products,864.7,847.3,933.8,"1,234.2","1,294.2","1,267.6","1,100.4","1,179.9",922.8,"1,010.7",690.3,"1,077.2",666.3,741.2,553.9,738.9,681.6,649.0,643.5,579.0,593.5,525.2,523.2,543.7,495.8,486.3,538.4,559.3,563.1,544.4,587.6
21,C,Basic pharmaceutical products and pharmaceutical preparations,"1,074.5",986.1,"1,013.3","1,244.4","1,274.8","1,334.3","1,149.8","1,151.2","1,228.0","1,357.0",973.4,"2,110.4","1,737.9","1,825.5","1,858.5","1,468.6","1,189.3","1,165.8","1,191.0",852.7,868.7,797.0,731.1,737.7,661.3,627.6,656.8,703.1,706.8,696.3,726.3
22.1,C,Rubber products,"1,205.7","1,323.3","1,078.7",862.6,950.3,951.5,782.2,"1,013.9",819.3,"1,159.6","1,433.1","1,351.8","1,010.3",639.3,786.0,"1,331.9",848.6,728.8,367.5,346.5,483.9,427.6,398.1,399.7,431.1,446.7,496.9,531.4,573.5,550.4,541.3
22.2,C,Plastics products,"4,481.3","4,986.2","4,777.8","3,294.4","3,511.7","3,522.9","3,121.5","3,242.8","2,398.9","2,174.6","2,397.8","2,536.4","1,911.8","2,497.6","2,368.1","3,012.8","2,746.1","2,337.3","1,990.0","1,874.2","2,813.9","2,397.7","2,141.5","2,791.2","3,180.0","2,876.3","3,064.7","2,937.3","2,934.5","2,492.0","2,387.4"
23.1-4 & 23.7-9,C,"Manufacture of glass, refractory, clay, other porcelain and ceramic products, Stone, & abrasive products","6,233.5","6,345.3","5,868.2","4,991.9","5,005.3","4,626.9","4,299.1","4,120.5","4,072.9","3,998.2","4,157.2","3,954.2","3,662.0","3,698.2","3,713.2","3,585.9","3,439.5","3,901.6","4,410.8","3,733.4","3,201.6","2,966.2","2,488.4","2,602.9","2,711.7","3,089.8","3,175.1","3,281.1","3,233.5","3,135.5","3,013.1"
23.51,C,Manufacture of cement,"13,360.1","10,920.5","9,871.0","9,910.8","11,314.5","11,048.5","11,192.5","11,719.1","11,867.9","11,310.8","10,876.7","10,464.8","10,738.1","10,285.0","10,473.5","10,188.7","10,168.1","10,470.3","8,880.5","6,295.9","6,445.9","6,852.3","6,244.3","6,701.5","6,990.9","7,368.6","7,707.0","7,528.3","7,539.9","7,665.0","6,870.9"
23.52 /1,C,Manufacture of lime,"2,064.7","1,843.1","1,635.0","1,640.4","1,705.4","1,873.6","2,084.2","2,135.7","2,262.9","1,952.9","1,984.5","1,978.3","1,825.3","1,961.7","2,075.6","2,079.1","2,081.5","2,211.4","2,006.9","1,443.8","1,663.5","1,712.8","1,676.7","1,773.9","1,842.6","1,738.8","1,411.5","1,500.0","1,551.8","1,512.3","1,429.8"
23.52 /2,C,Manufacture of plaster,72.6,57.4,44.9,39.2,31.2,24.8,24.9,32.8,11.9,15.2,16.4,20.5,19.9,18.7,19.8,20.7,13.3,12.8,12.8,12.7,12.9,11.5,11.7,12.1,11.3,11.3,13.4,13.2,13.4,12.4,13.9
23.6,C,"Manufacture of articles of concrete, cement and plaster",550.9,531.7,519.1,470.2,501.3,464.7,461.4,475.1,525.9,598.9,656.5,654.3,597.6,626.5,662.8,726.2,809.9,944.0,"1,233.8","1,428.2","1,319.0","1,269.5","1,705.0","2,219.5","1,803.1","1,509.3","1,153.8",956.5,930.0,858.8,847.7
24.1-3,C,Manufacture of basic Iron & Steel,"24,633.4","23,676.4","22,890.2","23,189.6","23,796.6","24,108.0","24,658.5","25,207.8","23,503.8","25,142.6","22,466.0","20,415.4","17,484.9","19,948.9","20,514.5","20,589.7","21,352.8","21,850.3","20,972.2","15,458.4","14,188.9","12,919.5","14,093.8","18,432.7","18,692.4","16,987.8","11,783.4","11,392.8","10,769.4","11,171.1","11,370.9"
24.4-5 (not 24.42 nor 24.46),C,Manufacture of other basic metals & casting (excl. Nuclear fuel & Aluminium),"2,802.9","2,939.2","3,216.0","3,222.1","3,551.5","3,538.5","4,121.1","2,937.9","2,456.2","2,591.8","2,140.7","2,131.1","2,030.0","1,538.8","1,794.5","1,020.0","1,017.5",800.3,840.4,654.3,"1,104.0",771.9,897.6,974.2,"1,069.5",733.7,671.7,670.1,713.7,683.1,658.7
24.42,C,Aluminium production,"2,783.5","2,932.3","2,927.5","3,700.2","3,394.2","3,204.7","3,637.1","3,499.9","3,760.6","3,879.6","3,682.8","3,848.1","3,835.5","4,033.2","3,988.8","3,854.8","3,861.6","3,887.4","3,838.5","3,515.2","3,646.1","3,411.1","2,923.8",590.8,643.8,580.9,542.8,546.1,563.4,543.3,529.5
24.46,C,Processing of nuclear fuel,102.8,121.8,124.5,138.3,133.8,118.9,207.9,214.9,52.4,65.5,70.9,73.6,76.1,82.0,64.7,69.2,63.8,65.9,32.9,61.4,73.7,62.6,71.0,72.9,63.5,44.4,42.9,41.2,41.5,40.8,39.2
25.1-3+25.5-9,C,"Fabricated metal products, except machinery and equipment, excluding weapons and ammunition","4,691.4","4,588.6","4,507.3","4,338.5","4,277.2","4,064.8","4,239.7","4,268.0","4,016.1","4,557.3","3,259.1","3,048.6","2,871.9","3,094.6","3,014.6","3,030.0","3,054.0","2,962.8","2,728.9","2,321.8","2,546.2","2,485.0","2,364.6","2,355.1","2,404.2","3,024.1","2,937.4","2,989.4","3,132.4","2,979.9","2,548.8"
25.4,C,Manufacture of weapons and ammunition,180.9,163.7,130.4,81.7,56.9,62.3,185.8,155.2,160.9,132.7,147.1,105.4,147.1,120.6,118.2,104.3,96.4,86.0,71.2,60.4,70.0,73.7,66.9,61.9,66.6,117.7,116.3,122.9,133.7,126.7,105.3
26,C,"Computer, electronic, communication and optical products","1,162.0","1,384.6","1,328.1","1,081.9",864.2,761.1,801.2,694.9,754.2,619.9,777.5,818.3,649.1,649.1,645.3,660.8,625.7,551.5,489.7,435.0,426.2,419.1,405.2,405.4,422.3,457.0,472.2,485.6,491.5,494.6,468.5
27,C,Electrical equipment,"1,296.7","1,521.7","1,466.1","1,177.2",892.2,757.7,880.9,781.0,767.8,829.5,848.1,862.1,843.6,798.4,801.4,859.1,852.5,783.7,673.0,578.7,571.5,566.7,534.3,528.1,563.4,625.9,638.4,660.3,672.5,677.2,647.9
28,C,Machinery and equipment n.e.c.,"2,703.3","2,940.5","2,805.1","2,448.6","2,101.3","1,911.9","2,042.6","1,979.8","2,193.2","1,973.6","2,065.2","1,908.4","1,751.8","1,706.7","1,658.8","1,650.8","1,635.6","1,522.9","1,352.6","1,162.3","1,247.6","1,251.5","1,207.3","1,171.3","1,206.9","1,651.1","1,708.0","1,763.8","1,858.6","1,775.2","1,539.6"
29,C,"Motor vehicles, trailers and semi-trailers","1,985.8","2,156.0","2,299.0","1,786.4","1,672.5","1,653.8","1,558.6","1,541.8","1,353.0","1,824.9","2,167.2","2,219.3","1,916.7","1,954.0","1,694.1","1,776.3","1,834.7","1,580.8","1,003.1",931.2,"1,575.8","1,633.7","1,539.8","1,635.8","1,753.1","1,499.4","1,513.4","1,455.6","1,505.0","1,374.2","1,192.3"
30.1,C,Building of ships and boats,235.3,238.5,212.8,165.7,162.4,161.9,189.5,168.1,189.2,189.4,298.5,168.8,164.5,143.0,206.0,267.3,228.8,219.6,187.4,198.9,287.2,235.0,180.3,175.0,239.2,230.1,245.4,269.5,230.3,192.2,218.8
30.3,C,Manufacture of air and spacecraft and related machinery,"1,113.8","1,438.8","1,492.7","1,012.9",715.0,722.0,575.4,694.4,950.0,770.6,726.6,601.7,739.5,667.7,665.1,718.1,536.5,490.0,346.2,350.7,576.1,508.9,439.4,467.8,542.3,472.8,514.2,533.2,493.6,426.7,422.3
30.2+4+9,C,"Manufacture of other transport equipment, excluding ships, boats, air and spacecraft",236.0,234.1,216.1,160.3,113.5,123.7,183.2,177.2,165.8,142.2,152.8,124.4,122.0,207.2,208.2,146.5,131.2,114.3,80.9,83.8,120.2,115.2,107.2,112.3,121.8,109.3,118.4,118.9,118.1,108.2,102.8
31,C,Furniture,"2,939.5","3,151.4","2,649.2","2,392.4","2,144.3","1,772.8","1,984.4","1,792.0","1,250.0","1,898.9","1,330.5","1,666.6","1,227.3","1,189.3","1,229.5","1,377.8","1,287.0","1,159.4",892.9,793.5,846.3,772.8,735.4,725.4,724.0,741.6,819.8,818.7,837.0,793.1,836.0
32,C,Other manufactured goods,881.7,"1,160.3",836.3,654.1,639.5,571.5,641.2,581.2,642.3,752.0,679.0,836.4,611.7,"1,011.2",858.5,794.8,724.6,651.5,491.8,498.6,587.3,534.1,509.0,503.8,506.7,519.1,575.6,585.2,604.3,579.0,593.0
33.15,C,Repair & maintenance of ships,13.6,14.2,13.8,14.3,14.6,14.8,15.3,14.7,15.0,15.2,15.1,14.7,13.8,13.9,13.7,13.2,12.7,12.4,12.5,11.7,11.1,10.3,10.9,10.2,10.2,10.8,11.0,11.3,11.4,11.0,9.6
33.16,C,Repair & maintenance of aircraft  & spacecraft,35.5,41.3,38.8,41.4,41.8,43.5,46.3,42.3,45.4,48.1,48.7,48.2,42.2,44.5,43.1,42.1,39.1,37.8,44.5,37.1,38.8,35.0,38.7,38.4,34.8,37.0,38.3,37.6,36.9,37.4,32.6
33 (not 33.15-16),C,Rest of repair; Installation,365.2,380.2,370.5,382.0,391.5,394.3,406.4,394.7,401.0,405.0,399.4,385.1,359.5,360.8,349.9,336.5,322.8,311.9,313.2,309.0,287.0,268.6,270.4,265.2,258.7,266.4,274.1,271.3,268.6,265.5,240.5
35.1/1,D,Electricity production - gas,"2,177.6","2,297.9","2,825.2","14,841.7","21,017.1","26,056.1","34,182.7","42,793.8","44,701.2","53,346.0","53,167.5","51,833.1","54,463.2","53,236.3","56,942.4","55,207.8","51,880.5","58,843.8","63,471.6","60,352.7","63,335.3","50,808.7","33,883.1","32,248.1","34,905.4","34,250.5","50,109.9","47,690.4","45,604.4","45,386.2","38,168.2"
35.1/2,D,Electricity production - coal,"187,542.2","188,201.9","175,951.9","146,387.5","138,238.0","130,604.4","122,941.9","105,625.4","109,057.8","92,132.0","103,706.1","115,436.9","108,891.0","119,224.5","115,556.5","118,046.3","129,610.3","118,917.0","108,772.1","90,226.6","94,276.0","94,679.7","125,869.8","118,753.8","94,193.1","76,913.3","37,838.8","30,268.1","26,973.1","19,254.2","18,498.2"
35.1/3,D,Electricity production - nuclear,48.0,49.5,46.5,51.1,53.3,47.0,51.0,74.7,70.5,80.4,75.7,75.1,74.8,76.1,87.7,83.9,97.4,90.0,99.2,83.2,86.4,75.1,78.8,78.4,101.0,90.9,88.7,85.3,84.3,93.5,82.3
35.1/4,D,Electricity production - oil,"13,256.2","9,066.1","8,729.3","8,843.4","6,513.9","5,982.8","5,226.9","1,269.8",712.2,"1,065.5","1,018.5","1,342.8",859.2,811.5,623.6,"1,130.1","1,417.6",605.2,"1,101.7",600.0,269.0,155.6,166.8,142.6,155.8,137.7,136.2,127.2,120.9,123.7,137.2
35.1/5,D,Electricity production - other,739.5,769.6,955.5,"1,192.5","1,651.5","1,781.7","1,878.0","2,310.9","3,108.2","3,534.0","4,010.5","4,552.1","4,768.3","5,164.7","5,673.0","5,827.2","6,064.9","6,449.3","7,168.0","7,994.5","8,299.9","8,303.3","8,957.7","8,945.6","9,906.6","11,768.6","13,452.1","13,473.0","14,798.2","16,828.8","16,692.4"
35.2-3,D,Manufacture of gas; distribution of gaseous fuels through mains and steam and air conditioning supply,"1,551.7","1,737.2","1,884.0","2,038.9","1,891.6","2,490.0","3,042.3","3,094.4","3,994.1","4,462.3","5,626.1","5,584.2","5,379.2","5,254.9","4,649.9","4,739.4","4,156.0","3,649.3","3,727.8","3,479.1","3,850.8","3,522.0","3,008.7","3,087.5","3,191.5","3,257.5","3,382.3","3,232.7","3,098.4","3,350.2","3,012.7"
36,E,Natural water; water treatment and supply services,384.7,495.7,451.8,427.5,433.2,422.2,613.2,471.7,875.3,840.3,"1,093.9","1,383.2",887.4,725.6,991.0,"1,072.5","1,023.7",946.1,786.4,789.5,859.0,776.9,773.6,785.9,758.5,767.6,882.0,876.2,891.9,837.8,897.6
37,E,Sewerage services; sewage sludge,352.5,360.4,359.7,332.3,374.2,379.7,382.4,377.1,409.2,403.3,352.9,346.9,349.8,390.4,381.8,342.3,341.2,322.7,318.7,310.6,331.9,332.3,325.6,304.3,312.8,328.5,358.6,386.3,388.7,391.0,376.8
38,E,"Waste collection, treatment and disposal services; materials recovery services","3,583.5","4,327.2","4,346.3","4,036.4","3,683.7","3,536.4","3,570.8","2,598.0","4,222.5","2,589.3","2,671.5","2,386.7","2,484.4","2,386.4","2,343.5","2,791.9","2,559.6","2,614.2","2,206.5","2,066.9","2,144.9","2,171.1","2,209.6","2,315.3","2,492.3","2,675.4","3,011.5","3,309.8","3,336.3","3,295.3","3,321.1"
39,E,Remediation services and other waste management services,3.2,3.2,3.2,3.4,3.5,3.6,3.7,3.7,3.8,4.0,4.1,4.2,4.2,4.4,4.8,4.9,5.1,5.4,5.8,4.9,5.1,4.9,5.4,4.8,4.8,5.1,5.2,5.1,4.8,4.6,4.4
41,F,Buildings and building construction works,"1,900.6","1,918.1","1,931.4","1,973.9","2,057.1","2,099.5","2,169.2","2,204.3","2,249.3","2,320.5","2,359.5","2,385.6","2,383.0","2,468.8","2,559.2","2,552.6","2,546.9","2,599.5","2,552.7","2,221.4","2,260.9","2,095.4","2,219.1","2,059.2","2,082.4","2,204.1","2,265.7","2,334.6","2,348.8","2,239.6","1,897.1"
42,F,Constructions and construction works for civil engineering,"4,891.1","4,793.4","4,828.5","4,847.7","5,046.2","5,038.1","5,091.9","5,177.3","5,272.8","5,273.9","5,326.0","5,513.5","5,573.6","5,563.3","5,820.0","5,718.1","5,837.9","5,903.2","6,180.9","5,218.8","5,081.1","4,696.7","5,096.2","4,495.7","4,764.4","5,459.6","5,539.5","5,911.9","6,106.1","5,710.9","5,166.8"
43,F,Specialised construction works,"2,503.2","2,555.3","2,603.5","2,659.0","2,796.5","2,867.8","3,018.9","3,147.2","3,259.5","3,442.5","3,545.7","3,644.7","3,655.5","3,816.6","4,017.7","4,166.7","4,283.4","4,524.2","4,489.5","4,207.5","4,377.4","4,290.2","4,368.7","4,321.3","4,455.4","4,623.2","4,911.9","4,939.7","4,932.4","4,816.1","4,309.2"
45,G,Wholesale and retail trade and repair services of motor vehicles and motorcycles,"2,075.2","2,162.6","2,113.2","2,143.6","2,188.3","2,203.9","2,220.0","2,158.6","2,172.7","2,235.4","2,249.4","2,177.8","2,065.4","2,112.6","2,094.7","2,115.9","2,084.9","2,203.6","2,200.5","2,004.6","2,020.4","1,957.4","1,971.3","1,906.0","1,898.1","1,934.6","2,016.9","1,960.1","1,894.1","1,878.5","1,554.5"
46,G,"Wholesale trade services, except of motor vehicles and motorcycles","6,032.0","6,152.6","6,084.2","6,149.9","6,343.1","6,384.1","6,432.4","6,298.3","6,329.9","6,406.1","6,352.4","6,073.0","5,788.9","5,819.0","5,717.7","5,661.2","5,629.7","5,792.6","5,927.3","6,161.7","6,527.5","6,305.7","6,307.5","6,062.3","6,124.3","6,274.9","6,478.3","6,355.4","6,201.4","6,076.5","5,296.8"
47,G,"Retail trade services, except of motor vehicles and motorcycles","3,435.4","3,615.2","3,549.2","3,694.4","3,821.1","3,893.9","4,060.1","3,985.2","4,114.7","4,237.4","4,268.7","4,212.0","4,016.3","4,156.3","4,150.2","4,131.5","4,081.4","4,085.5","4,327.2","4,256.5","4,136.7","3,944.8","4,089.2","4,050.1","3,936.3","4,093.6","4,246.1","4,186.4","4,121.0","4,109.0","3,723.1"
49.1-2,H,Rail transport,"1,771.7","1,812.5","1,833.5","1,785.3","1,740.3","1,829.3","1,931.8","2,012.5","2,130.4","2,074.7","2,097.2","2,167.2","2,143.1","2,179.3","2,272.3","2,298.2","2,341.3","2,447.3","2,422.0","2,359.6","2,389.5","2,287.6","2,342.9","2,345.6","2,389.3","2,342.1","2,329.9","2,308.3","2,208.2","2,270.1","1,823.5"
49.31/9 + 49.39,H,"Buses, coaches, trams and similar public urban transport n.e.c","5,717.4","5,850.9","5,808.2","5,834.8","5,964.2","6,084.9","6,194.7","6,251.7","6,154.4","6,033.1","5,715.5","5,661.0","5,668.0","5,772.1","5,576.2","5,575.9","5,707.6","5,812.1","5,327.9","5,259.0","5,397.2","4,995.5","4,760.6","4,820.0","4,819.3","4,640.6","4,458.7","4,250.4","4,136.2","3,963.3","2,868.9"
49.31/1,H,"Underground, metro other non interurban rail services",477.9,460.2,471.1,482.8,510.3,527.4,561.6,540.4,552.5,546.8,477.5,481.4,384.4,43.0,29.6,22.8,19.3,18.1,16.6,12.6,12.4,10.0,10.6,8.1,8.1,8.0,8.8,8.6,8.7,8.3,6.2
49.32,H,Taxis and other renting of private cars with driver,"1,554.4","1,667.6","1,772.7","1,806.7","1,856.4","1,869.6","1,948.8","2,023.3","2,095.4","2,151.5","2,214.7","2,244.9","2,293.5","2,324.5","2,352.0","2,412.7","2,490.6","2,597.2","2,715.8","2,808.8","2,867.5","2,877.2","2,843.6","2,820.0","2,941.3","3,045.1","3,266.3","3,489.6","3,583.2","3,682.8","3,749.1"
49.4,H,Freight transport by road and removal services,"13,434.3","12,975.7","12,978.2","13,435.0","14,026.8","13,927.7","14,462.2","14,920.2","14,857.0","14,666.1","14,431.2","14,203.8","14,392.7","14,422.8","14,593.4","14,479.4","14,499.3","14,690.3","13,574.6","11,661.4","11,898.3","11,529.9","11,315.3","11,280.6","11,506.4","11,838.6","12,174.4","12,263.1","12,350.3","12,110.3","11,547.3"
49.5,H,Transport via pipeline,8.4,8.3,8.3,8.5,8.8,8.9,8.8,8.8,8.7,8.8,8.7,8.1,7.8,7.7,7.7,7.7,7.7,8.1,8.1,7.2,7.5,7.6,7.6,7.5,7.8,8.1,8.5,8.5,8.5,8.5,9.3
50,H,Water transport services,"19,242.8","20,952.1","20,267.4","19,279.0","19,526.7","20,301.6","23,274.7","30,118.3","32,163.9","28,099.3","27,764.4","32,465.5","29,809.4","28,661.2","28,445.0","26,922.2","17,161.4","20,173.5","17,923.8","15,374.6","16,124.4","18,492.2","16,476.2","13,783.2","18,136.2","19,282.3","21,605.7","12,615.6","15,121.5","16,988.0","13,675.7"
51,H,Air transport services,"20,218.9","19,170.6","20,900.4","22,692.6","22,677.0","24,573.4","26,348.3","27,929.7","31,263.6","33,702.2","37,187.2","36,558.8","35,730.9","36,966.7","39,169.0","42,507.5","43,199.8","43,715.0","43,270.0","41,113.2","40,002.2","42,012.2","40,544.7","40,288.4","40,283.4","40,721.8","40,404.9","43,019.9","45,185.4","42,152.0","16,621.3"
52,H,Warehousing and support services for transportation,"1,379.9","1,403.2","1,327.0","1,371.5","1,331.4","1,327.0","1,315.7","1,199.4","1,177.9","1,186.2","1,197.2","1,089.7","1,017.3","1,031.0","1,048.0","1,104.1","1,200.0","1,191.2","1,197.5","1,058.0","1,027.4","1,014.7","1,014.9","1,004.6","1,040.2","1,027.0","1,070.3","1,093.8","1,105.0","1,097.8",958.3
53,H,Postal and courier services,"1,126.5","1,154.1","1,152.2","1,176.1","1,218.9","1,223.7","1,252.5","1,257.8","1,272.6","1,283.0","1,275.5","1,243.3","1,218.1","1,237.5","1,231.9","1,328.7","1,247.2","1,279.7","1,460.4","1,388.8","1,571.2","1,522.8","1,520.1","1,522.2","1,546.0","1,599.3","1,670.6","1,677.2","1,681.4","1,658.4","1,530.7"
55,I,Accommodation services,887.3,"1,032.1",950.1,"1,016.1","1,008.8","1,041.6","1,102.9",977.3,"1,049.9","1,104.3","1,118.3","1,117.6",948.9,"1,007.1",972.2,953.6,870.7,830.9,"1,022.6",818.8,876.2,763.6,870.6,891.7,771.6,854.0,876.7,869.9,864.4,882.7,705.5
56,I,Food and beverage serving services,"2,059.9","2,347.3","2,153.0","2,291.1","2,284.5","2,350.6","2,471.2","2,206.5","2,366.0","2,482.9","2,535.5","2,557.7","2,196.9","2,354.1","2,315.6","2,333.3","2,188.0","2,161.1","2,678.8","2,218.0","2,395.3","2,147.6","2,434.1","2,491.7","2,202.9","2,468.9","2,536.2","2,512.0","2,487.1","2,528.5","2,239.2"
58,J,Publishing services,160.4,183.3,168.6,176.8,174.1,176.6,184.6,162.7,169.7,173.2,168.3,161.7,133.5,133.5,121.8,112.8,98.3,88.2,95.0,73.2,71.4,60.4,61.5,58.6,51.2,51.9,52.0,49.9,48.3,48.0,40.0
59,J,"Motion picture, video and television programme production services, sound recording and music publishing",101.0,116.2,110.2,118.5,120.7,127.0,135.6,124.8,134.6,145.7,150.5,152.0,135.0,144.6,142.7,143.5,135.9,135.3,160.0,131.8,139.6,129.1,139.5,135.1,122.8,127.5,131.2,124.4,117.7,119.3,114.4
60,J,Programming and broadcasting services,21.9,24.7,23.5,25.1,25.4,26.5,27.8,25.3,26.7,28.3,28.5,28.1,24.1,24.6,23.2,22.0,19.6,18.2,19.9,15.1,15.0,12.9,13.5,12.5,11.0,11.1,11.1,10.5,10.0,9.8,8.7
61,J,Telecommunications services,513.3,528.6,519.3,530.4,549.5,558.0,542.7,522.6,515.6,526.9,517.7,472.8,431.2,419.5,397.3,395.8,369.7,369.1,390.8,340.4,350.8,336.1,333.0,310.2,301.2,302.2,310.5,292.7,275.4,274.2,217.6
62,J,"Computer programming, consultancy and related services",263.7,282.5,281.9,299.4,319.0,335.6,341.0,334.9,348.4,370.8,380.9,369.8,341.2,349.2,343.1,344.9,332.6,333.5,353.4,299.1,301.6,285.6,290.1,271.6,257.1,259.7,267.7,253.2,239.0,240.4,202.9
63,J,Information services,25.4,27.6,27.0,29.5,29.1,29.4,31.2,28.7,30.4,32.0,32.8,33.1,28.7,30.3,29.9,30.3,29.1,28.7,34.3,27.7,29.3,26.6,28.9,28.4,25.4,26.5,27.0,26.0,25.0,25.3,22.1
64,K,"Financial services, except insurance and pension funding",143.4,151.8,135.5,141.1,131.9,128.5,125.4,101.8,99.5,99.4,94.0,95.8,74.4,75.0,70.6,71.0,64.6,61.5,70.7,56.8,57.9,51.9,54.7,53.7,47.7,48.1,48.1,45.5,43.2,43.1,36.3
65.1-2,K,Insurance & Reinsurance,26.3,30.2,28.7,30.4,31.0,32.4,33.7,31.0,32.8,34.9,35.2,34.1,29.7,30.8,29.5,28.7,26.5,25.6,30.3,24.3,25.7,23.1,25.3,24.9,22.2,23.4,24.1,23.3,22.5,22.9,21.2
65.3,K,Pension funding,0.3,0.4,0.3,0.4,0.6,0.9,1.2,1.4,1.0,0.8,0.8,0.7,0.6,0.7,0.6,0.6,0.6,0.5,0.6,0.5,0.5,0.5,0.5,0.5,0.4,0.5,0.5,0.4,0.4,0.4,0.4
66,K,Services auxiliary to financial services and insurance services,159.3,178.8,171.9,181.0,185.7,193.1,198.6,184.9,193.5,204.6,206.6,198.1,174.1,179.1,171.2,163.5,151.1,149.8,169.8,137.8,144.2,131.5,141.8,137.8,123.9,129.4,133.5,127.7,122.2,124.8,109.8
68.1-2,L,"Buying and selling of own real estate: renting and operating of own or leased real estate, excluding imputed rent",419.6,486.4,461.7,493.4,504.1,528.2,562.0,519.2,563.7,606.8,624.5,628.9,560.2,607.3,603.6,612.8,587.8,580.0,713.6,597.1,646.2,585.7,658.4,671.4,597.4,638.3,659.3,646.6,634.5,645.5,619.9
68.3,L,Real estate activities on a fee or contract basis,212.3,222.2,217.8,224.7,232.1,237.6,236.2,227.6,230.9,242.8,247.2,238.0,219.5,228.7,228.9,236.5,234.3,240.3,280.2,241.5,259.4,245.5,269.6,268.0,247.7,262.4,274.1,267.5,260.5,266.8,224.0
69.1,M,Legal activities,276.2,296.8,284.3,295.9,300.3,306.4,302.4,278.0,279.6,288.5,284.2,265.3,226.4,223.6,207.8,199.5,180.5,171.8,190.0,150.7,153.7,137.4,145.2,140.6,124.3,128.6,131.1,125.4,120.2,121.9,114.6
69.2,M,"Accounting, bookkeeping and auditing activities: tax consultancy",257.0,279.7,267.5,279.5,282.5,288.3,289.7,265.2,271.2,281.3,277.8,259.6,221.2,218.9,202.5,192.0,171.5,160.8,174.6,136.0,135.4,119.8,123.3,116.6,103.0,104.9,105.8,99.9,94.6,95.2,89.5
70,M,Services of head offices; management consulting services,590.4,655.7,627.4,659.6,673.5,696.1,708.1,657.2,683.4,721.3,728.4,699.2,618.0,640.0,623.4,626.4,599.3,602.8,714.4,593.7,635.0,590.7,642.8,632.1,573.6,599.0,617.1,588.7,560.9,569.2,480.2
71,M,Architectural and engineering services; technical testing and analysis services,526.5,560.0,543.7,564.9,577.1,590.8,588.6,555.1,563.0,589.0,592.3,561.5,504.0,507.6,491.7,483.0,463.1,460.0,503.0,406.0,416.2,385.7,405.1,372.3,350.9,360.9,368.0,351.0,332.2,329.1,255.3
72,M,Scientific research and development services,250.0,288.0,270.7,287.2,287.3,295.6,311.3,281.1,297.7,311.6,311.4,304.5,262.0,271.8,259.2,251.5,230.1,220.1,259.8,211.8,225.4,200.3,224.1,230.4,205.6,222.3,231.9,232.9,233.1,238.4,218.7
73,M,Advertising and market research services,131.0,138.6,136.3,142.2,149.0,154.6,153.0,146.4,147.6,154.6,155.8,145.8,130.1,128.7,122.2,119.8,112.9,112.3,118.5,97.7,98.4,95.1,95.6,86.5,83.7,83.5,87.0,79.8,72.5,74.0,43.4
74,M,"Other professional, scientific and technical services",156.7,171.5,166.5,175.7,184.2,193.5,196.7,186.1,192.3,204.5,208.4,201.7,180.0,185.2,179.4,178.4,170.3,168.9,191.8,155.7,161.3,151.8,157.0,146.9,136.7,138.2,142.2,132.0,122.5,123.8,93.8
75,M,Veterinary services,58.1,62.2,60.6,63.1,64.9,67.5,68.2,65.5,68.0,70.6,70.6,67.7,61.9,63.5,62.1,63.5,60.6,62.1,65.5,58.5,60.7,58.1,60.8,60.8,58.9,61.5,64.3,64.4,63.8,63.6,56.2
77,N,Rental and leasing services,995.5,"1,016.1","1,018.1","1,033.1","1,073.1","1,080.9","1,102.6","1,110.8","1,123.3","1,136.4","1,137.1","1,110.1","1,087.6","1,104.3","1,102.8","1,186.7","1,215.5","1,234.1","1,176.9","1,060.2","1,048.9","1,016.4","1,021.4","1,001.1","1,020.2","1,053.2","1,101.3","1,098.4","1,091.3","1,071.5",953.9
78,N,Employment services,297.7,309.2,298.1,308.1,318.9,324.5,320.3,298.9,292.4,293.0,283.6,264.9,225.5,217.7,203.3,197.9,182.6,175.6,186.0,153.0,154.0,141.8,146.4,142.5,132.6,135.6,139.1,135.3,131.3,132.0,115.0
79,N,"Travel agency, tour operator and other reservation services and related services",122.4,128.9,124.6,128.2,131.3,133.2,133.4,127.2,128.6,132.3,132.6,127.4,116.9,119.4,118.2,120.8,119.7,124.9,134.6,121.0,126.0,126.5,130.5,123.3,123.6,126.5,134.4,128.8,123.4,127.1,83.1
80,N,Security and investigation services,166.4,178.4,177.4,186.0,193.2,198.0,203.8,199.9,205.1,211.8,213.3,208.2,195.5,199.0,194.7,192.8,187.2,183.8,189.5,161.3,161.8,151.8,151.0,144.5,139.2,140.8,145.4,140.4,135.8,134.9,114.4
81,N,Services to buildings and landscape,694.9,755.8,731.9,765.6,771.7,785.8,812.4,768.1,797.4,826.4,834.2,825.2,761.2,791.5,783.2,789.4,775.1,781.9,871.6,773.9,815.8,786.5,827.6,825.9,800.0,831.5,865.5,853.3,841.3,846.4,778.6
82,N,"Office administrative, office support and other business support services",363.6,394.4,389.4,408.9,431.6,450.6,468.7,460.9,483.3,511.8,528.4,530.7,503.3,536.6,544.4,562.2,561.2,575.1,656.9,572.6,612.6,586.2,627.7,629.1,601.0,633.2,666.5,658.3,649.1,659.9,577.8
84 (not 84.22),O,Public administration; compulsory social security services,"4,779.4","5,045.9","5,333.6","5,491.8","5,057.1","5,190.1","5,190.9","4,929.4","5,137.4","5,374.4","5,331.6","5,509.5","5,107.6","5,344.5","5,629.1","4,614.1","4,206.1","3,925.6","3,873.3","3,478.2","3,502.9","3,113.3","3,279.8","2,987.1","2,676.9","2,706.4","2,721.0","2,663.7","2,671.7","2,603.6","2,323.3"
84.22,O,Public defence services,"5,948.6","4,994.3","4,811.8","4,852.3","4,669.5","4,657.0","4,527.1","4,396.4","3,818.1","3,746.3","3,650.2","3,429.9","3,478.6","3,573.0","3,431.7","3,140.2","3,710.0","3,974.1","3,490.1","3,155.1","3,093.3","2,909.9","2,674.9","2,424.4","2,140.8","1,774.8","1,651.8","1,685.6","1,728.8","1,828.1","1,498.8"
85,P,Education services,"5,445.8","5,774.0","5,887.0","5,000.6","4,477.3","4,181.8","5,325.0","5,945.4","5,207.0","4,900.0","4,562.4","4,217.8","3,605.9","3,624.4","3,603.7","3,552.2","3,772.1","3,427.7","3,233.9","3,019.8","3,228.6","2,624.2","2,917.9","2,841.9","2,442.2","2,666.8","2,618.8","2,674.6","2,522.8","2,415.7","2,214.6"
86,Q,Human health services,"3,802.9","4,006.7","4,203.5","4,089.9","4,182.4","4,174.4","4,459.3","3,292.8","3,513.3","3,259.0","2,940.4","3,158.9","2,647.6","2,458.9","2,998.4","3,653.2","2,838.0","2,860.1","3,347.6","3,352.7","3,646.4","3,214.8","3,503.0","3,890.2","3,455.7","3,225.2","3,354.3","3,100.6","3,153.8","3,108.7","2,892.6"
87,Q,Residential care services,887.3,952.3,"1,054.7",968.1,949.3,861.9,989.7,"1,091.3","1,027.7",906.2,739.3,780.3,479.1,364.5,384.5,548.5,504.2,494.4,502.8,438.9,462.7,421.8,535.1,569.8,487.9,567.7,603.4,620.0,679.1,571.8,522.9
88,Q,Social work services without accommodation,499.7,553.1,598.9,483.2,482.7,493.4,606.8,857.2,801.6,729.4,613.8,671.8,474.4,379.3,421.0,601.4,582.9,556.4,548.7,525.4,524.1,460.3,605.8,654.7,552.4,657.1,698.5,718.9,790.8,663.4,610.2
90,R,"Creative, arts and entertainment services",247.6,261.7,232.7,253.6,259.1,257.0,267.8,235.3,248.1,227.5,222.6,286.6,223.7,217.9,213.1,221.1,158.5,145.8,161.8,146.1,130.5,119.3,119.7,115.1,106.6,102.2,104.6,99.8,95.5,95.8,68.7
91,R,"Library, archive, museum and other cultural services",164.3,170.4,149.2,153.7,142.7,135.8,135.5,120.0,113.9,102.5,100.1,95.2,77.0,74.8,71.0,82.9,56.1,50.3,53.8,43.8,42.5,36.7,38.5,38.1,34.4,33.0,33.7,33.2,32.8,33.1,27.0
92,R,Gambling and betting services,245.2,263.1,238.0,247.4,235.5,229.5,232.4,209.4,212.4,207.8,208.3,197.5,162.2,160.7,149.3,154.5,119.8,109.0,117.0,92.3,90.4,78.4,81.2,78.8,70.0,69.2,70.5,68.3,66.4,66.9,58.1
93,R,Sporting services and amusement and recreation services,881.7,962.5,877.4,925.1,906.1,907.6,952.5,861.7,895.7,898.9,908.6,888.7,760.9,784.2,757.6,795.7,672.9,639.3,734.0,610.8,626.3,560.8,613.9,616.3,559.4,601.7,619.8,616.3,610.3,617.0,551.2
94,S,Services furnished by membership organisations,460.8,507.8,473.8,504.9,488.9,496.3,522.4,460.7,480.1,473.2,488.5,464.4,381.6,386.0,361.5,379.7,301.0,281.1,333.6,264.8,277.4,240.6,267.6,272.8,235.4,268.3,268.8,265.3,265.5,265.3,259.3
95,S,Repair services of computers and personal and household goods,90.2,91.3,89.2,91.2,94.7,95.7,96.6,94.8,94.1,95.3,94.1,89.1,83.5,81.9,78.9,75.9,73.0,70.8,69.6,71.2,64.3,61.1,60.8,59.3,58.6,60.6,63.0,62.8,62.8,63.1,49.4
96,S,Other personal services,556.7,607.6,584.4,607.5,620.0,636.1,661.5,620.6,649.8,677.9,683.9,676.3,613.4,642.0,629.4,642.3,663.2,599.6,712.5,604.2,600.7,554.1,591.9,593.3,551.3,578.9,600.7,591.0,581.0,585.9,499.9
97,T,Services of households as employers of domestic personnel,44.1,44.3,45.3,46.3,48.7,50.2,48.9,49.4,47.4,48.8,58.5,52.2,41.8,34.6,36.0,41.4,36.8,31.3,30.5,24.0,31.5,31.3,30.3,27.1,30.0,27.0,33.1,28.9,28.9,31.7,21.3
100,,Consumer expenditure - not travel,"79,473.3","88,185.8","85,751.3","89,780.6","85,599.8","81,268.8","92,482.9","85,363.1","87,310.1","87,066.1","87,384.2","89,572.3","86,430.7","87,141.4","88,864.6","84,708.7","82,242.9","78,363.9","79,768.7","76,649.5","86,591.0","69,117.7","75,874.1","77,122.4","64,514.1","67,494.0","69,093.1","67,126.2","69,806.8","67,340.3","68,311.1"
101,,Consumer expenditure - travel,"58,749.5","58,384.8","59,340.2","59,749.5","58,880.9","57,927.2","61,544.1","62,525.4","62,394.7","63,462.1","63,298.0","64,531.1","66,912.3","66,376.2","67,393.4","67,888.3","67,921.4","68,407.1","67,065.3","66,276.9","64,719.8","63,974.7","64,436.0","65,025.2","65,499.8","66,381.7","67,247.4","68,066.5","68,292.9","68,019.2","52,391.2"
,,,,,,,,,,,,,,,,,,,,,,,,,,,,,,,,,
,,Total CO2 emissions,"639,279.0","647,468.3","632,990.2","620,187.0","615,841.5","610,025.0","636,093.1","620,196.4","632,028.5","623,362.1","633,908.9","647,374.5","626,646.9","639,258.4","643,987.4","643,739.2","633,169.5","628,261.9","613,320.9","559,813.7","579,846.5","542,908.4","558,037.2","548,976.5","519,109.9","509,969.7","490,826.6","474,551.9","476,894.3","464,316.5","400,197.9"
,,,,,,,,,,,,,,,,,,,,,,,,,,,,,,,,,
Notes,,,,,,,,,,,,,,,,,,,,,,,,,,,,,,,,,
All figures are reported to 1 decimal place. Total figures are based on raw data and therefore may not sum due to rounding. ,,,,,,,,,,,,,,,,,,,,,,,,,,,,,,,,,
,,,,,,,,,,,,,,,,,,,,,,,,,,,,,,,,,
"Source: Ricardo Energy and Environment, Office for National Statistics",,,,,,,,,,,,,,,,,,,,,,,,,,,,,,,,,
,,,,,,,,,,,,,,,,,,,,,,,,,,,,,,,,,